image,word,confidence
page_001.png,তনতা,34.0
page_001.png,তা,0.0
page_001.png,লা,94.0
page_001.png,বৌ,65.0
page_002.png,গুস্তাভলাব,78.0
page_002.png,জনতা,40.0
page_002.png,অনুবাদ,96.0
page_002.png,নুর,89.0
page_002.png,মোহাম্মদ,65.0
page_002.png,মিঞ৷,38.0
page_002.png,বাংলা,95.0
page_002.png,একাডেমী,96.0
page_002.png,ঢাকা,92.0
page_002.png,৬%/.080738081.0017,0.0
page_003.png,প্রথম,96.0
page_003.png,প্রকাশ,95.0
page_003.png,আষাঢ়,16.0
page_003.png,২৩৯১,77.0
page_003.png,জুন,75.0
page_003.png,১৯৮৪,93.0
page_003.png,বাএ,42.0
page_003.png,১৪৬৪,96.0
page_003.png,মুদ্রণ,80.0
page_003.png,সংখ্যা,95.0
page_003.png,১২৫০,96.0
page_003.png,পাও়্‌লিপি,21.0
page_003.png,ভাষা,95.0
page_003.png,সাহিত্য,93.0
page_003.png,উপবিভাগ/৩৫/৮৩-'৮৪,36.0
page_003.png,প্রকাশক,96.0
page_003.png,বশীর,93.0
page_003.png,আলহেলাল,89.0
page_003.png,পরিচালক,73.0
page_003.png,ভাষা,52.0
page_003.png,সাহিত্য,88.0
page_003.png,"সংস্ক,তি",51.0
page_003.png,ও,96.0
page_003.png,পত্রিকা,10.0
page_003.png,বিভাগ,96.0
page_003.png,বাংলা,95.0
page_003.png,একাডেমী,95.0
page_003.png,ঢাকা,94.0
page_003.png,মুদ্রক,78.0
page_003.png,"জলসি""ড়ি",42.0
page_003.png,মুদ্রায়ণ,84.0
page_003.png,পাটুয়াটুলি,28.0
page_003.png,ঢাকা,95.0
page_003.png,সলিমাবাদ,90.0
page_003.png,প্রেস,90.0
page_003.png,২১/৩,91.0
page_003.png,কোট'/হাউস,25.0
page_003.png,ফ্টরট,31.0
page_003.png,ঢাকা,95.0
page_003.png,বাংলাদেশ,95.0
page_003.png,প্রচ্ছদ,92.0
page_003.png,রাগীব,96.0
page_003.png,আহসান,96.0
page_003.png,মূল্য,93.0
page_003.png,ঃ,88.0
page_003.png,ত্রিশ,95.0
page_003.png,টাকা,96.0
page_003.png,এ,41.0
page_003.png,44145,26.0
page_003.png,70976108811,71.0
page_003.png,78105181100,51.0
page_003.png,০0£,27.0
page_003.png,005856,56.0
page_003.png,1.ও,75.0
page_003.png,80105,46.0
page_003.png,718,46.0
page_003.png,7০৫৫,70.0
page_003.png,17:27518060,30.0
page_003.png,05,82.0
page_003.png,ব01:14017187া17080,10.0
page_003.png,41311,67.0
page_003.png,£00115150,6.0
page_003.png,185,65.0
page_003.png,87518,67.0
page_003.png,৮০৪05,0.0
page_003.png,10813,13.0
page_003.png,81716180658,28.0
page_003.png,চ11598,29.0
page_003.png,6০0101011,48.0
page_003.png,0106,68.0
page_003.png,1984,63.0
page_003.png,1106,0.0
page_003.png,৬%/.080738081.0017,0.0
page_004.png,মুখবন্ধ,82.0
page_004.png,বিখ্যাত,96.0
page_004.png,ফরাসী,92.0
page_004.png,লেখক,93.0
page_004.png,গুস্তাভ,68.0
page_004.png,ল1,68.0
page_004.png,বঁ-এর,64.0
page_004.png,বিখ্যাত,82.0
page_004.png,বই,95.0
page_004.png,79,21.0
page_004.png,গশে০৮:৫,0.0
page_004.png,অনেক,95.0
page_004.png,দিন,95.0
page_004.png,আগে,96.0
page_004.png,অনুবাদ,96.0
page_004.png,করে,96.0
page_004.png,স্বাধীনতার,90.0
page_004.png,প্রাক্কালে,86.0
page_004.png,বাংলা,95.0
page_004.png,একাডেমীতে,95.0
page_004.png,ছাপানোর,95.0
page_004.png,জন্য,29.0
page_004.png,জমা,84.0
page_004.png,দিয়েছিলাম,88.0
page_004.png,বাংলা,81.0
page_004.png,একাডেমী,93.0
page_004.png,অনুবাদটকে,90.0
page_004.png,ছাপানোর,96.0
page_004.png,জন্য,82.0
page_004.png,সর্বপ্রকার,92.0
page_004.png,প্রস্তুতি,93.0
page_004.png,যখন,91.0
page_004.png,নিপন্ন,78.0
page_004.png,করেছিল,95.0
page_004.png,ঠিক,96.0
page_004.png,সেই,94.0
page_004.png,মুহূর্তে,94.0
page_004.png,স্বাধীনতা,96.0
page_004.png,যুদ্ধ,66.0
page_004.png,শুরু,51.0
page_004.png,হওয়ায়,89.0
page_004.png,বইট,45.0
page_004.png,ছাপানে,15.0
page_004.png,হয়নি,90.0
page_004.png,বইটা,92.0
page_004.png,দশ/বারেো,37.0
page_004.png,বছর,96.0
page_004.png,আগে,96.0
page_004.png,অনুবাদ,95.0
page_004.png,করেছিলাম,95.0
page_004.png,এই,95.0
page_004.png,ভেবে,96.0
page_004.png,যে,96.0
page_004.png,বাংলাদেশে,95.0
page_004.png,রাজনৈতিক,95.0
page_004.png,কারণে,96.0
page_004.png,বিভিন্ন,96.0
page_004.png,সময়ে,95.0
page_004.png,বিভিন্ন,93.0
page_004.png,স্লপ,64.0
page_004.png,নিয়ে,87.0
page_004.png,গণ-জমায়েত,89.0
page_004.png,গড়ে,95.0
page_004.png,ওতে,80.0
page_004.png,প্রতিটি,88.0
page_004.png,গণ-জমায়েতের,90.0
page_004.png,ক্রিয়া-প্রতিক্রিয়াও,88.0
page_004.png,বহুমুখী,95.0
page_004.png,হয়ে,96.0
page_004.png,দেখা,93.0
page_004.png,দেয়,89.0
page_004.png,সে,96.0
page_004.png,কারণে,96.0
page_004.png,তারা,61.0
page_004.png,সমাজের,95.0
page_004.png,উপর,95.0
page_004.png,অনেক,95.0
page_004.png,বিচিত্র,96.0
page_004.png,প্রভাব,95.0
page_004.png,ফেলে,0.0
page_004.png,যা,60.0
page_004.png,কিছুটা,95.0
page_004.png,কখনো,95.0
page_004.png,কখনো,27.0
page_004.png,স্বষ্ট-ধমী,54.0
page_004.png,আবার,93.0
page_004.png,কথনো,70.0
page_004.png,বা,93.0
page_004.png,বিধ্বংসীমুখী,90.0
page_004.png,বাংলাদেশের,95.0
page_004.png,জনতাকে,96.0
page_004.png,রাজনৈতিক,95.0
page_004.png,প্রেক্ষাপটে,0.0
page_004.png,জানতে,96.0
page_004.png,হলে,95.0
page_004.png,এদেশের,95.0
page_004.png,নবীন,94.0
page_004.png,রাজনীতিকদের,94.0
page_004.png,সাধারণ,96.0
page_004.png,জনতার,93.0
page_004.png,মন-মানসিকতা,89.0
page_004.png,সম্বন্ধে,93.0
page_004.png,একটা,95.0
page_004.png,সম্যক,94.0
page_004.png,ধারণা,95.0
page_004.png,থাকতে,95.0
page_004.png,হবে,95.0
page_004.png,ভেবেই,91.0
page_004.png,ফরাসী,96.0
page_004.png,লেখক,93.0
page_004.png,ল1,29.0
page_004.png,ব-এর,53.0
page_004.png,বইট,90.0
page_004.png,অনুবাদ,95.0
page_004.png,করতে,96.0
page_004.png,অনুপ্রাণিত,96.0
page_004.png,হয়েছিলাম,8.0
page_004.png,জানি,95.0
page_004.png,না,95.0
page_004.png,এতে,95.0
page_004.png,করে,93.0
page_004.png,সমাঙ্গের,78.0
page_004.png,কি,95.0
page_004.png,উপকার,95.0
page_004.png,হবে,95.0
page_004.png,না,91.0
page_004.png,হবে,90.0
page_004.png,তবে,96.0
page_004.png,এতটুকু,95.0
page_004.png,বলতে,96.0
page_004.png,পারি,96.0
page_004.png,যে,93.0
page_004.png,এ-দেশের,90.0
page_004.png,অনেক,91.0
page_004.png,পাঠক-পাঠিকা,85.0
page_004.png,বইটা,95.0
page_004.png,পড়ে,96.0
page_004.png,জনতার,96.0
page_004.png,সত্যিকার,93.0
page_004.png,মন-মানসিকতা,86.0
page_004.png,যে,92.0
page_004.png,কিভাবে,95.0
page_004.png,বিভিন্ন,93.0
page_004.png,কারণে,95.0
page_004.png,বিভিন্ন,96.0
page_004.png,ধরনের,96.0
page_004.png,প্রতিক্রিয়া,84.0
page_004.png,ব্যক্ত,95.0
page_004.png,করে,95.0
page_004.png,থাকে,96.0
page_004.png,তার,96.0
page_004.png,একটা,87.0
page_004.png,সুন্দর,81.0
page_004.png,প্রতিবিদ্ব,80.0
page_004.png,দেখতে,95.0
page_004.png,পাবেন,95.0
page_004.png,এই,96.0
page_004.png,প্রত্যাশায়,95.0
page_004.png,বইটার,95.0
page_004.png,অনুবাদ,95.0
page_004.png,পাঠক,93.0
page_004.png,সম'জে,64.0
page_004.png,পরিবেষণ,89.0
page_004.png,করলাম,89.0
page_004.png,নূর,89.0
page_004.png,মোহাম্মদ,95.0
page_004.png,মিঞা,83.0
page_004.png,৬%/.080738081.0017,0.0
page_005.png,সুচীপঞ্জ,57.0
page_005.png,বিষয়,91.0
page_005.png,পৃষ্ঠা,85.0
page_005.png,প্রথম,96.0
page_005.png,পর্ব,81.0
page_005.png,১-৪৫,91.0
page_005.png,প্রথম,91.0
page_005.png,অধ্যায়/জনতার,88.0
page_005.png,সাধারণ,95.0
page_005.png,বৈশিষ্ট,60.0
page_005.png,১,94.0
page_005.png,দ্বিতীয়,93.0
page_005.png,অধ্যায়/জনত্ার,56.0
page_005.png,আবেগ,94.0
page_005.png,প্রবণতা,79.0
page_005.png,ও,93.0
page_005.png,নৈতিকত,61.0
page_005.png,বোধ,92.0
page_005.png,£,62.0
page_005.png,১০,71.0
page_005.png,তৃতীয়,93.0
page_005.png,অধ্যায়/জনতাব,88.0
page_005.png,চিন্তা-ভাবনা,78.0
page_005.png,বিচারবুদ্ধি,90.0
page_005.png,এবং,93.0
page_005.png,কন্থনা,0.0
page_005.png,শক্তি,84.0
page_005.png,৩০,84.0
page_005.png,চতুর্থ,90.0
page_005.png,অধ্যায়/জনতার,90.0
page_005.png,বিশ্বাস,96.0
page_005.png,ধর্মীয়,58.0
page_005.png,বিশ্বাসের,93.0
page_005.png,দঢ়মূল,30.0
page_005.png,৩৯,61.0
page_005.png,দ্বিতীয়,88.0
page_005.png,পর্ব,92.0
page_005.png,8৪৫,0.0
page_005.png,১০৯,0.0
page_005.png,প্রথম,93.0
page_005.png,অধ্যায়/জনতার,90.0
page_005.png,বিশ্বাস,93.0
page_005.png,নিমণণের,66.0
page_005.png,প্রস্তুতি-পর্ব,32.0
page_005.png,8১,74.0
page_005.png,দ্বিতীয়,93.0
page_005.png,অধ্যায়/জনতার,89.0
page_005.png,মতামতের,95.0
page_005.png,পেছনে,96.0
page_005.png,তাৎক্ষণিক,58.0
page_005.png,কারণাদি,90.0
page_005.png,৬১,87.0
page_005.png,তৃতীয়,77.0
page_005.png,অধ্যায়/জনতার,90.0
page_005.png,নেতারা,94.0
page_005.png,কিভাবে,96.0
page_005.png,জনতার,96.0
page_005.png,প্রভাব,96.0
page_005.png,বিস্তার,95.0
page_005.png,করে,95.0
page_005.png,৭৩,67.0
page_005.png,চতুর্থ,0.0
page_005.png,অধ্যায়/জনতার,64.0
page_005.png,বিশ্বাস,96.0
page_005.png,ও,96.0
page_005.png,মতামতের,93.0
page_005.png,ব্যতিক্রমের,43.0
page_005.png,সীমানাদি,89.0
page_005.png,৯৬,88.0
page_005.png,তৃতীয়,93.0
page_005.png,পব,0.0
page_005.png,১১১-১৫৯,90.0
page_005.png,প্রথম,93.0
page_005.png,অধ্যায়/জনতার,90.0
page_005.png,শ্রেণীভেদ,87.0
page_005.png,১১১,83.0
page_005.png,দ্বিতীয়,93.0
page_005.png,অধ্যায়/যাকে,90.0
page_005.png,অপরাধী,94.0
page_005.png,জনতা,95.0
page_005.png,বলে,96.0
page_005.png,ধরা,43.0
page_005.png,হয়ে,95.0
page_005.png,থাকে,96.0
page_005.png,১১৬,65.0
page_005.png,তৃতীয়অধ্যায়/ন্যায়নীতি,90.0
page_005.png,বজিত,43.0
page_005.png,জুরর,78.0
page_005.png,১২২,81.0
page_005.png,চ্তুর্থ,77.0
page_005.png,অধ্যায়/নির্বাটনী,66.0
page_005.png,জনত,90.0
page_005.png,১২৯,87.0
page_005.png,পঞ্চম,93.0
page_005.png,অধ্যায়/আইন,90.0
page_005.png,পরিষদ,95.0
page_005.png,১৪০,93.0
page_005.png,৬%/.080738081.0017,0.0
page_006.png,প্রথম,96.0
page_006.png,পর্ব,94.0
page_006.png,জন্নতার,9.0
page_006.png,মানগিকত,32.0
page_006.png,প্রথম,95.0
page_006.png,অধ্যায়,91.0
page_006.png,জনতার,95.0
page_006.png,সাধারণ,93.0
page_006.png,বৈশিষ্ট্য-চিন্তামূত্রের,81.0
page_006.png,মনস্তান্ত্বিক,61.0
page_006.png,বিধান,92.0
page_006.png,মনস্তার্বিক,0.0
page_006.png,দিক,96.0
page_006.png,থেকে,95.0
page_006.png,জনতা,95.0
page_006.png,বলতে,94.0
page_006.png,কি,93.0
page_006.png,ব্ঝায়--যে-কোন,19.0
page_006.png,জমায়েতকেই,60.0
page_006.png,জনতা,96.0
page_006.png,বলে,52.0
page_006.png,আখ্যায়িত,39.0
page_006.png,করা,70.0
page_006.png,চলে,92.0
page_006.png,না-যথন,49.0
page_006.png,কোন,93.0
page_006.png,জমায়েছের,71.0
page_006.png,প্রত্যেকটি,94.0
page_006.png,ব্যক্তির,75.0
page_006.png,চিন্তা,84.0
page_006.png,এবং,95.0
page_006.png,আবেগ,89.0
page_006.png,একটা,96.0
page_006.png,নির্দিষ্ট,85.0
page_006.png,খাতে,96.0
page_006.png,প্রবাহিত,94.0
page_006.png,হয়,96.0
page_006.png,এবং,96.0
page_006.png,সেই,95.0
page_006.png,সাথে,95.0
page_006.png,যখন,96.0
page_006.png,তাদের,95.0
page_006.png,প্রত্যেকের,96.0
page_006.png,একক,93.0
page_006.png,ব্যক্তিগত্ত'র,63.0
page_006.png,বিলুপ্তি,49.0
page_006.png,গটে--্নত,0.0
page_006.png,নিয়ত,92.0
page_006.png,প্রভাবিত,74.0
page_006.png,হয়,96.0
page_006.png,সে,95.0
page_006.png,সমস্ত,68.0
page_006.png,বিষয়,96.0
page_006.png,কর্তৃক,92.0
page_006.png,মেগুলি,86.0
page_006.png,সম্পর্কে,94.0
page_006.png,গে,73.0
page_006.png,পূর্ব-সচেতন,85.0
page_006.png,নয়--মন্তিক্েন,43.0
page_006.png,বিচারপপক্রিয়,6.0
page_006.png,থেমে,38.0
page_006.png,যায়,95.0
page_006.png,এবং,95.0
page_006.png,সে,93.0
page_006.png,গাখে,50.0
page_006.png,আবেগের,95.0
page_006.png,দিকটা,68.0
page_006.png,প্রাধান্য,32.0
page_006.png,পায়--যার,84.0
page_006.png,ফলে,92.0
page_006.png,বৃদ্ধিবত্ত,0.0
page_006.png,গৌণ,70.0
page_006.png,হগ্নে,63.0
page_006.png,পড়ে,95.0
page_006.png,এবং,93.0
page_006.png,আবেনের,67.0
page_006.png,পূর্ণ,89.0
page_006.png,পরিবত্তন,27.0
page_006.png,ঘটে,57.0
page_006.png,এই,92.0
page_006.png,পরিবতিত,91.0
page_006.png,মাণগিকতা,66.0
page_006.png,একক,91.0
page_006.png,লাজির,20.0
page_006.png,আবেনের,40.0
page_006.png,তুলনায়,93.0
page_006.png,ভান,95.0
page_006.png,বা,95.0
page_006.png,মন্দ,94.0
page_006.png,দুই-ই,94.0
page_006.png,হতে,91.0
page_006.png,পারে,90.0
page_006.png,জনতা,93.0
page_006.png,সূপখগানী,87.0
page_006.png,অখৰব,68.0
page_006.png,বিপথখগানী,56.0
page_006.png,হতে,92.0
page_006.png,পারে,89.0
page_006.png,সাধারণ,95.0
page_006.png,অর্থে,95.0
page_006.png,জনতা,95.0
page_006.png,বলতে,86.0
page_006.png,বুঝায়,82.0
page_006.png,এমন,96.0
page_006.png,একটি,93.0
page_006.png,গণজমায়েত,91.0
page_006.png,যেখানে,95.0
page_006.png,জাতীয়তা,94.0
page_006.png,পেশা,81.0
page_006.png,এবং,93.0
page_006.png,ন্ারীপুরুষ,55.0
page_006.png,নিবিশেষে,85.0
page_006.png,কতকগুলি,52.0
page_006.png,ব্যক্তির,93.0
page_006.png,যে-কোন,69.0
page_006.png,কারণে,96.0
page_006.png,একত্র,87.0
page_006.png,হওয়া,76.0
page_006.png,মনস্তাত্তিক,70.0
page_006.png,দৃষ্টিকোণ,89.0
page_006.png,থেকে,93.0
page_006.png,জনত,36.0
page_006.png,বলতে,96.0
page_006.png,সম্পূর্ণ,81.0
page_006.png,আলাদা,4.0
page_006.png,একটা,96.0
page_006.png,সত্তাকে,93.0
page_006.png,বুঝায়,90.0
page_006.png,একটা,96.0
page_006.png,সুনির্দিষ্ট,48.0
page_006.png,অবস্থার,96.0
page_006.png,প্রেক্ষিতে,81.0
page_006.png,এবং,96.0
page_006.png,কেবলমাত্র,57.0
page_006.png,সেই,93.0
page_006.png,প্রেক্ষিতেই,90.0
page_006.png,একটা,93.0
page_006.png,জমায়েতকে,88.0
page_006.png,জনত৷,87.0
page_006.png,বলা,85.0
page_006.png,যেতে,93.0
page_006.png,পারে-_যার,37.0
page_006.png,বৈনিট্য,75.0
page_006.png,যেসব,93.0
page_006.png,ব্াক্তিকে,46.0
page_006.png,নিয়ে,95.0
page_006.png,জনতার,93.0
page_006.png,স্ষ্ট,7.0
page_006.png,হচ্ছে,74.0
page_006.png,তাদের,36.0
page_006.png,থেকে,93.0
page_006.png,সপ্পূর্ণ,74.0
page_006.png,আলাদা,90.0
page_006.png,জনতার,94.0
page_006.png,মন,93.0
page_006.png,মানগিকৃতা,85.0
page_006.png,একই,95.0
page_006.png,খাতে,96.0
page_006.png,প্রবাহিত,95.0
page_006.png,হয়,95.0
page_006.png,এবং,96.0
page_006.png,যেখানে,93.0
page_006.png,প্রতোকের,88.0
page_006.png,নিজস্ব,88.0
page_006.png,বাক্তি,37.0
page_006.png,নিমজ্জিত,0.0
page_006.png,হয়,91.0
page_006.png,একটা,96.0
page_006.png,যৌথ,96.0
page_006.png,মানসিকতা,67.0
page_006.png,গড়ে,95.0
page_006.png,ওঠে,95.0
page_006.png,যদিও,95.0
page_006.png,সেট,63.0
page_006.png,সাময়িক,95.0
page_006.png,তবুও,58.0
page_006.png,একথা,93.0
page_006.png,সত্য,96.0
page_006.png,যে,96.0
page_006.png,এই,95.0
page_006.png,যৌথ,95.0
page_006.png,মানসিকতায়,91.0
page_006.png,স্তুপ্পষ্ট,0.0
page_006.png,একটা,96.0
page_006.png,চারিত্রিক,94.0
page_006.png,লক্ষণ,93.0
page_006.png,পরিনৃষ্ট,34.0
page_006.png,হয়,91.0
page_006.png,এই,96.0
page_006.png,ধরনের,93.0
page_006.png,জমনায়েতকে,41.0
page_006.png,বলা,0.0
page_006.png,যেতে,95.0
page_006.png,পারে,96.0
page_006.png,৬%/.080738081.0017,0.0
page_007.png,২,94.0
page_007.png,জনতা,66.0
page_007.png,নবীন,93.0
page_007.png,মানসিকতালন্ধ,85.0
page_007.png,একট,91.0
page_007.png,জনতা,79.0
page_007.png,এবং,94.0
page_007.png,তার,95.0
page_007.png,নিজস্ব,26.0
page_007.png,একটা,95.0
page_007.png,একক,96.0
page_007.png,সত্তার,95.0
page_007.png,স্থষ্ট,31.0
page_007.png,হয়,96.0
page_007.png,এবং,96.0
page_007.png,সেট,96.0
page_007.png,জনতার,95.0
page_007.png,বিশিষ্ট,95.0
page_007.png,মানসিক,91.0
page_007.png,ধাচেই,25.0
page_007.png,পরিচালিত,95.0
page_007.png,হয়,39.0
page_007.png,হঠাৎ,49.0
page_007.png,করে,43.0
page_007.png,বেশ,95.0
page_007.png,কিছু,96.0
page_007.png,সংখ্যক,96.0
page_007.png,লোক,95.0
page_007.png,এক,96.0
page_007.png,জায়গায়,96.0
page_007.png,হলেই,96.0
page_007.png,তার,96.0
page_007.png,জনতার,90.0
page_007.png,চারিত্রিক,91.0
page_007.png,লক্ষণ,96.0
page_007.png,সমৃদ্ধ,77.0
page_007.png,হয়,92.0
page_007.png,না,87.0
page_007.png,কোন,91.0
page_007.png,স্ুমিরদিষ্ট,29.0
page_007.png,উদ্দেশ্যবিহীন,65.0
page_007.png,অজন্র_-লোক,33.0
page_007.png,একত্র,94.0
page_007.png,হলেই,93.0
page_007.png,মনস্তাত্তিক,86.0
page_007.png,দৃষ্টিকোণ,92.0
page_007.png,থেকে,94.0
page_007.png,তাকে,94.0
page_007.png,জনতা,0.0
page_007.png,বল,48.0
page_007.png,চলে,93.0
page_007.png,না,91.0
page_007.png,কোন,96.0
page_007.png,জমায়েতকে,90.0
page_007.png,সত্যিকারের,80.0
page_007.png,জনতায়,91.0
page_007.png,নতায়,71.0
page_007.png,রূপাস্তরিত,89.0
page_007.png,হতে,96.0
page_007.png,হলে,96.0
page_007.png,তাকে,86.0
page_007.png,বিশেষ,96.0
page_007.png,কতকগুলি,72.0
page_007.png,প্রাকৃ-কারণাদি,15.0
page_007.png,সম্পন্ন,51.0
page_007.png,হতে,89.0
page_007.png,হবে,89.0
page_007.png,এই,91.0
page_007.png,কারণাদির,91.0
page_007.png,চারিত্রিক,96.0
page_007.png,বৈশিষ্ট্য,94.0
page_007.png,নিরূপণ,96.0
page_007.png,করা,87.0
page_007.png,প্রয়োজন,78.0
page_007.png,একট,78.0
page_007.png,গণ,92.0
page_007.png,জমায়েতকে,91.0
page_007.png,সজ্ঘবদ্ধ,57.0
page_007.png,জনতায়,90.0
page_007.png,পরিণত,95.0
page_007.png,হতে,95.0
page_007.png,হলে,96.0
page_007.png,উক্ত,67.0
page_007.png,জমায়েতের,91.0
page_007.png,প্রতিটি,67.0
page_007.png,ব্যক্তিতর্ন,10.0
page_007.png,নিজস্ব,93.0
page_007.png,ব্যক্তিসত্তা,88.0
page_007.png,নিমজ্জিত,81.0
page_007.png,হবে,96.0
page_007.png,এবং,93.0
page_007.png,তদস্থলে,63.0
page_007.png,জমায়েতের,90.0
page_007.png,মন-মানসিকতা,82.0
page_007.png,একটা,95.0
page_007.png,পৃথক,96.0
page_007.png,খাতে,95.0
page_007.png,প্রবাহিত,93.0
page_007.png,হবে,88.0
page_007.png,এটই,92.0
page_007.png,হচ্ছে,96.0
page_007.png,সুসংবদ্ধ,88.0
page_007.png,জনতা,96.0
page_007.png,গঠনের,96.0
page_007.png,পথে,95.0
page_007.png,মৌলিক,95.0
page_007.png,কারণ,69.0
page_007.png,৷,52.0
page_007.png,এখানে,96.0
page_007.png,বিশেষভাবে,96.0
page_007.png,উল্লেখযোগ্য,93.0
page_007.png,যে,96.0
page_007.png,কিছু,95.0
page_007.png,সংখ্যক,96.0
page_007.png,লোকের,93.0
page_007.png,স্বানিক,91.0
page_007.png,নৈকট্যই,35.0
page_007.png,জনতা,96.0
page_007.png,গঠনে,96.0
page_007.png,সহায়ক,93.0
page_007.png,নয়,91.0
page_007.png,হাজার,83.0
page_007.png,হাজার,16.0
page_007.png,বিচ্ছিন্ন,39.0
page_007.png,বঃক্তিও,86.0
page_007.png,একই,95.0
page_007.png,জনতার,92.0
page_007.png,পরিমণ্ডলতুক্ত,57.0
page_007.png,হতে,94.0
page_007.png,পারে,96.0
page_007.png,যদি,96.0
page_007.png,কি-না,92.0
page_007.png,এটু,74.0
page_007.png,পরিদষষ্ট,37.0
page_007.png,হয়,96.0
page_007.png,যে,96.0
page_007.png,কোন,95.0
page_007.png,একট,94.0
page_007.png,বিশেষ,95.0
page_007.png,কারণে,96.0
page_007.png,তারা,86.0
page_007.png,সমভাবে,96.0
page_007.png,পা,33.0
page_007.png,প্রভাবান্িত,0.0
page_007.png,স্বত,53.0
page_007.png,হয়েছে,85.0
page_007.png,যেমন,94.0
page_007.png,ধরুন,96.0
page_007.png,একটা,95.0
page_007.png,জাতীয়,90.0
page_007.png,ক্ষয়ক্ষতির,90.0
page_007.png,ঘটন)--এ,84.0
page_007.png,ধরনের,73.0
page_007.png,ক্ষেত্রে,96.0
page_007.png,যেকোন,91.0
page_007.png,ছুতায়,65.0
page_007.png,ভিত্তিতে,95.0
page_007.png,এ,89.0
page_007.png,বিপন্ন,89.0
page_007.png,ব্যক্তিবর্গ,94.0
page_007.png,তাদের,96.0
page_007.png,প্রতিক্রিয়ার,36.0
page_007.png,মাধ্যমে,95.0
page_007.png,একই,93.0
page_007.png,জনতায়,91.0
page_007.png,পরিণত,93.0
page_007.png,হয়,82.0
page_007.png,বর্ণিত,93.0
page_007.png,প্রেক্ষিতের,21.0
page_007.png,বিচারে,95.0
page_007.png,কোন,95.0
page_007.png,একটা,91.0
page_007.png,বিশেষ,96.0
page_007.png,মুহূর্তে,60.0
page_007.png,অর্ধ,95.0
page_007.png,ডজন,93.0
page_007.png,ব্যক্কি,30.0
page_007.png,মিলেও,89.0
page_007.png,সঠিক,95.0
page_007.png,অর্থে,95.0
page_007.png,জনতার,94.0
page_007.png,রূপ,82.0
page_007.png,নিতে,96.0
page_007.png,পারে,88.0
page_007.png,কিন্তু,90.0
page_007.png,অনেক,96.0
page_007.png,ক্ষেত্রে,93.0
page_007.png,বিন,71.0
page_007.png,উদ্দেষ্যে,88.0
page_007.png,হাজার,95.0
page_007.png,হাজার,96.0
page_007.png,লোক,96.0
page_007.png,একত্র,64.0
page_007.png,হলেও,96.0
page_007.png,তাকে,95.0
page_007.png,জনতা,95.0
page_007.png,বলে,95.0
page_007.png,অবহিত,31.0
page_007.png,করা,96.0
page_007.png,চলে,93.0
page_007.png,না,91.0
page_007.png,বিষয়টা,93.0
page_007.png,আরে৷,89.0
page_007.png,সহজ,91.0
page_007.png,করে,95.0
page_007.png,এভাবে,96.0
page_007.png,বলা,95.0
page_007.png,যেতে,96.0
page_007.png,পারে,95.0
page_007.png,যে,95.0
page_007.png,একট,88.0
page_007.png,দেশের,93.0
page_007.png,অধিবাপীরবপ্দপ,25.0
page_007.png,কোন,95.0
page_007.png,একটা,96.0
page_007.png,জমায়েতের,91.0
page_007.png,শরীক,88.0
page_007.png,না,95.0
page_007.png,হয়েও,95.0
page_007.png,একটা,92.0
page_007.png,বিশেষ,95.0
page_007.png,মানসিক,95.0
page_007.png,প্রক্রিয়ার,92.0
page_007.png,ভিত্তিতে,94.0
page_007.png,একটা,90.0
page_007.png,জনতায়,90.0
page_007.png,পরিণত,94.0
page_007.png,হতে,92.0
page_007.png,পারে,89.0
page_007.png,সঠিক,96.0
page_007.png,অর্থে,96.0
page_007.png,যদি,84.0
page_007.png,একটা,93.0
page_007.png,জনতা,91.0
page_007.png,দংগঠিত,90.0
page_007.png,হয়,95.0
page_007.png,তাইলে,87.0
page_007.png,ঝকতকলি,3.0
page_007.png,সুস্পষ্ট,15.0
page_007.png,চারি,91.0
page_007.png,ত্রিক,88.0
page_007.png,লক্ষণাদি,82.0
page_007.png,তার,96.0
page_007.png,মধ্যে,95.0
page_007.png,পরিলক্ষিত,93.0
page_007.png,হয়,89.0
page_007.png,জনতার,95.0
page_007.png,এই,95.0
page_007.png,মৌলিক,93.0
page_007.png,বৈনিষ্ট্যগুলির,66.0
page_007.png,পাশাপাশি,95.0
page_007.png,আরো,66.0
page_007.png,কিছু,95.0
page_007.png,বিশেষ,93.0
page_007.png,লক্ষণাদি,90.0
page_007.png,পরিচধৃষ্ট,25.0
page_007.png,হয়,55.0
page_007.png,যেগুলি,96.0
page_007.png,জনতার,93.0
page_007.png,সাংগঠনিক,92.0
page_007.png,উপাদানসমূহের,89.0
page_007.png,উপন্ন,50.0
page_007.png,নির্ভরশীল,0.0
page_007.png,এবং,95.0
page_007.png,এসব,91.0
page_007.png,গৌণবিশেষ,89.0
page_007.png,লক্ষণাদ,79.0
page_007.png,অনেক,96.0
page_007.png,সময়,96.0
page_007.png,জনতার,94.0
page_007.png,মানসিকতায়,67.0
page_007.png,কিছুটা,95.0
page_007.png,পরিবর্তন,95.0
page_007.png,আনতে,92.0
page_007.png,পারে,84.0
page_007.png,৬%/.080738081.0017,0.0
page_008.png,জনতা,94.0
page_008.png,৩,90.0
page_008.png,মনস্তাত্বিক,45.0
page_008.png,দিক,95.0
page_008.png,থেকে,96.0
page_008.png,সঠিক,96.0
page_008.png,জনতাকে,95.0
page_008.png,শ্রেণীভুক্ত,94.0
page_008.png,করা,89.0
page_008.png,চলে,89.0
page_008.png,জনতাকে,95.0
page_008.png,শ্রেণীভুক্ত,63.0
page_008.png,করলে,95.0
page_008.png,দেখা,96.0
page_008.png,যায়,96.0
page_008.png,যে,93.0
page_008.png,সমসন্ত,29.0
page_008.png,জনতা,83.0
page_008.png,এবং,93.0
page_008.png,অসমমন্ত,45.0
page_008.png,00109,0.0
page_008.png,8০11005,56.0
page_008.png,800,50.0
page_008.png,11০00860008,60.0
page_008.png,জনতার,94.0
page_008.png,মধ্যে,95.0
page_008.png,যথেষ্ট,96.0
page_008.png,চারিত্রিক,61.0
page_008.png,বৈঠি,22.0
page_008.png,প্টোর,29.0
page_008.png,মিল,95.0
page_008.png,রয়েছে,18.0
page_008.png,সেই,96.0
page_008.png,সাথে,96.0
page_008.png,এটাও,96.0
page_008.png,উল্লেখ্য,96.0
page_008.png,যে,96.0
page_008.png,দুই,96.0
page_008.png,শ্রেণীর,92.0
page_008.png,জনতারই,58.0
page_008.png,কিছু,96.0
page_008.png,বিশেষ,95.0
page_008.png,বিশেষ,96.0
page_008.png,বৈশিষ্ট্য,90.0
page_008.png,রয়েছে,93.0
page_008.png,যেগুলির,89.0
page_008.png,ভিত্তিতে,64.0
page_008.png,এই,96.0
page_008.png,দুই,94.0
page_008.png,শ্রেণীর,94.0
page_008.png,জনতাকে,96.0
page_008.png,পৃথকভাবে,95.0
page_008.png,মূল্যায়ণ,81.0
page_008.png,করা৷,69.0
page_008.png,চলে,83.0
page_008.png,বিভিন্ন,96.0
page_008.png,ধরনের,96.0
page_008.png,জনতা,84.0
page_008.png,সম্পর্কে,0.0
page_008.png,পর্যালোচনার,95.0
page_008.png,পূর্বে,96.0
page_008.png,প্রথমতঃ,95.0
page_008.png,আমরা,86.0
page_008.png,জনতার,95.0
page_008.png,সাধারণ,95.0
page_008.png,চারিত্রিক,40.0
page_008.png,বৈশিষ্ট্যসমূহ,86.0
page_008.png,সম্পর্কে,95.0
page_008.png,আলোকপাত,96.0
page_008.png,করতে,96.0
page_008.png,চাই,67.0
page_008.png,একজন,96.0
page_008.png,প্রাণীতত্তববিদু,44.0
page_008.png,যেমন,93.0
page_008.png,প্রাণীকুলকে,85.0
page_008.png,জাতি,94.0
page_008.png,এবং,93.0
page_008.png,প্রজাতিতে,91.0
page_008.png,বিভুক্তির,90.0
page_008.png,পূর্বে,93.0
page_008.png,প্রাণী,92.0
page_008.png,জগতের,96.0
page_008.png,সাধারণ,95.0
page_008.png,চারিত্রিক,93.0
page_008.png,লক্ষণাদি,75.0
page_008.png,বর্ণনা,95.0
page_008.png,করে,96.0
page_008.png,থাকেন,95.0
page_008.png,তেমনিভাবে,96.0
page_008.png,আমর,48.0
page_008.png,ও,63.0
page_008.png,প্রথমে,95.0
page_008.png,জনতার,95.0
page_008.png,সাধারণ,84.0
page_008.png,চাল্নিত্রিক,0.0
page_008.png,লক্ষণাদি,90.0
page_008.png,তুলে,96.0
page_008.png,ধরতে,95.0
page_008.png,চেষ্টা,93.0
page_008.png,করব,85.0
page_008.png,একথা,94.0
page_008.png,সত্য,96.0
page_008.png,যে,96.0
page_008.png,জনতার,93.0
page_008.png,মন-মানসিকতা,87.0
page_008.png,সঠিক,96.0
page_008.png,অর্থে,96.0
page_008.png,বর্ণনা,96.0
page_008.png,কর,0.0
page_008.png,খুবই,96.0
page_008.png,দুরূহ,74.0
page_008.png,কারণ,95.0
page_008.png,প্রতিটি,95.0
page_008.png,জনতা,95.0
page_008.png,শুধু,96.0
page_008.png,যে,96.0
page_008.png,বর্ণ,91.0
page_008.png,78০6,54.0
page_008.png,এবং,96.0
page_008.png,সংগঠনের,96.0
page_008.png,উপর,94.0
page_008.png,নির্ভর,96.0
page_008.png,করে,82.0
page_008.png,তা,96.0
page_008.png,নয়,96.0
page_008.png,বরং,93.0
page_008.png,সঙ্ঘবদ্ধ,76.0
page_008.png,হওয়।র,82.0
page_008.png,কারণের,96.0
page_008.png,গভীরতা,91.0
page_008.png,এবং,93.0
page_008.png,গঠনভঙ্গির,91.0
page_008.png,উপরও,74.0
page_008.png,নির্ভরশীল,20.0
page_008.png,একা,33.0
page_008.png,বাক্তির,23.0
page_008.png,মন-মানসিকতার,89.0
page_008.png,মনস্তাত্তিক,27.0
page_008.png,শিশ্লেষণও,44.0
page_008.png,সমভাবে,94.0
page_008.png,কঠিন,14.0
page_008.png,কেবলমাত্র,93.0
page_008.png,উপশ্তাসেই,0.0
page_008.png,এটা,95.0
page_008.png,সম্ভব,63.0
page_008.png,যেহেতু,92.0
page_008.png,সেখানে,93.0
page_008.png,ব্যক্তি,91.0
page_008.png,চরিত্র,93.0
page_008.png,একই,96.0
page_008.png,ধারায়,96.0
page_008.png,উপস্থাপিত,0.0
page_008.png,করা৷,77.0
page_008.png,হয়,91.0
page_008.png,একথাও,70.0
page_008.png,সত্য,96.0
page_008.png,মে,91.0
page_008.png,কেবলমাত্র,84.0
page_008.png,পারিপাশ্বিক,20.0
page_008.png,সমরূপতাই,91.0
page_008.png,মনুষ্য,82.0
page_008.png,চরিত্রেন্ন,73.0
page_008.png,বাহ্যিক,93.0
page_008.png,সমরূপতা,86.0
page_008.png,স্থট্ট,35.0
page_008.png,করে,91.0
page_008.png,আমি,95.0
page_008.png,অন্যত্র,95.0
page_008.png,এটা,95.0
page_008.png,দেখিয়েছি,95.0
page_008.png,যে,96.0
page_008.png,সব,96.0
page_008.png,ধরনের,96.0
page_008.png,মানসিক,78.0
page_008.png,রূপরেখাই,89.0
page_008.png,পরিবেশের,93.0
page_008.png,পরি,89.0
page_008.png,বর্তনের,86.0
page_008.png,সাথে,95.0
page_008.png,তাল,94.0
page_008.png,রেখে,96.0
page_008.png,পরিবর্তিত,95.0
page_008.png,হবার,93.0
page_008.png,সপন্তাবনা,49.0
page_008.png,যাখে,63.0
page_008.png,এটাই,95.0
page_008.png,প্রমাণ,93.0
page_008.png,হিসাবে,94.0
page_008.png,উল্লেখ,94.0
page_008.png,করা,93.0
page_008.png,যেতে,95.0
page_008.png,পারে,91.0
page_008.png,যে,95.0
page_008.png,ফ্রেঞ্চ,92.0
page_008.png,কনভেনশন-এ,90.0
page_008.png,যে,90.0
page_008.png,ব্যজ্গট,13.0
page_008.png,অতি,95.0
page_008.png,উগ্র,75.0
page_008.png,ভুমিকা,94.0
page_008.png,পালন,94.0
page_008.png,করেছিল,93.0
page_008.png,পরৎ৭তীকালে,0.0
page_008.png,সেই,94.0
page_008.png,একই,95.0
page_008.png,ব্যক্তি,95.0
page_008.png,একটা,94.0
page_008.png,স্বাভাবিক,91.0
page_008.png,পরিবেশে,93.0
page_008.png,অতাস্ত,74.0
page_008.png,শাস্তিপ্রিয়,91.0
page_008.png,ব্যক্তি,89.0
page_008.png,বা,92.0
page_008.png,স্থবিচারক,25.0
page_008.png,হিসাবে,95.0
page_008.png,নিজেকে,96.0
page_008.png,প্রমাণ,96.0
page_008.png,করে-ছ,21.0
page_008.png,ফরাসী,85.0
page_008.png,বিপ্লবের,90.0
page_008.png,উত্তরকালে,91.0
page_008.png,তার৷,83.0
page_008.png,তাদের,95.0
page_008.png,শান্তিপ্রিয়,82.0
page_008.png,এবং,93.0
page_008.png,আই,89.0
page_008.png,নানুগ,87.0
page_008.png,নাগরিক,93.0
page_008.png,হিদাবে,89.0
page_008.png,প্রতিষ্ঠিত,91.0
page_008.png,কর্নেছিল,43.0
page_008.png,ইতিহাস,96.0
page_008.png,প্রমাণ,96.0
page_008.png,করেছে,92.0
page_008.png,যে,73.0
page_008.png,নেপোলিয়ন,92.0
page_008.png,এই,93.0
page_008.png,দুর্দমনীয়দ্রেব্ন,51.0
page_008.png,মধ্যেই,95.0
page_008.png,খুঁজে,96.0
page_008.png,পেয়েছিলেন,96.0
page_008.png,তার,89.0
page_008.png,একান্ত,29.0
page_008.png,ভক্তদের,85.0
page_008.png,যেহেতু,94.0
page_008.png,যেসব,93.0
page_008.png,জনতা,95.0
page_008.png,একটা,95.0
page_008.png,পরিপূর্ণ,91.0
page_008.png,সংগঠনর্ূপে,6.0
page_008.png,গড়ে,96.0
page_008.png,উঠতে,96.0
page_008.png,সমর্থ,93.0
page_008.png,হয়নি,95.0
page_008.png,তাদের,95.0
page_008.png,পর্যালোচনা,60.0
page_008.png,করা,73.0
page_008.png,খুবই,96.0
page_008.png,দুরূহ,91.0
page_008.png,আমরা,92.0
page_008.png,কেবল,95.0
page_008.png,যেসব,95.0
page_008.png,জনতা,38.0
page_008.png,৬%/.080738081.0017,0.0
page_009.png,৪,88.0
page_009.png,জনতা,70.0
page_009.png,সাংগঠনিক,93.0
page_009.png,পূর্ণ,96.0
page_009.png,মাত্রা,93.0
page_009.png,অর্জন,95.0
page_009.png,করতে,93.0
page_009.png,পেক্নেছে,3.0
page_009.png,তাদের,93.0
page_009.png,আলোচনাতেই,88.0
page_009.png,সীমাবদ্ধ,95.0
page_009.png,থাকব,9.0
page_009.png,এভাবে,96.0
page_009.png,আমরা,95.0
page_009.png,জনতা,96.0
page_009.png,কি,96.0
page_009.png,সেটা,96.0
page_009.png,কি,94.0
page_009.png,রূপ,95.0
page_009.png,নিতে,86.0
page_009.png,পারে,95.0
page_009.png,তাই,95.0
page_009.png,দেখব,9.0
page_009.png,জনতার,95.0
page_009.png,একটা,95.0
page_009.png,উন্নততর,93.0
page_009.png,স্তরেই,90.0
page_009.png,কেবলমাত্র,94.0
page_009.png,একটা,95.0
page_009.png,জাতি,95.0
page_009.png,বা,93.0
page_009.png,গোষ্পীর,0.0
page_009.png,অপরিবর্তনীয়,64.0
page_009.png,এবং,95.0
page_009.png,স্ব,0.0
page_009.png,চারিত্রিক,92.0
page_009.png,বৈশিষ্ট্যের,90.0
page_009.png,উপন্ন,39.0
page_009.png,কতকগুলি,89.0
page_009.png,নতুন,96.0
page_009.png,এবং,96.0
page_009.png,বিশেষ,96.0
page_009.png,বৈশিষ্ট্য,60.0
page_009.png,অনুমিত,95.0
page_009.png,হত,77.0
page_009.png,পারে,86.0
page_009.png,এবং,95.0
page_009.png,তখনই,96.0
page_009.png,এ,89.0
page_009.png,জনতার্ন,50.0
page_009.png,চিন্তা-ভাবনা,0.0
page_009.png,একট,87.0
page_009.png,সামগ্নিক,36.0
page_009.png,ক্ূপ,31.0
page_009.png,নিয়ে,96.0
page_009.png,একটা,96.0
page_009.png,সুনির্দিষ্ট,73.0
page_009.png,খাতে,95.0
page_009.png,প্রবাহিত,93.0
page_009.png,হয়,89.0
page_009.png,এমন,96.0
page_009.png,অবস্থায়,0.0
page_009.png,এলেই,93.0
page_009.png,কেবল,37.0
page_009.png,আমি,93.0
page_009.png,যাকে,96.0
page_009.png,ইতিপূর্বে,95.0
page_009.png,জনতার,93.0
page_009.png,মানমিক,74.0
page_009.png,এঁকোর,46.0
page_009.png,মনসন্তাত্তিক,0.0
page_009.png,বিধান,90.0
page_009.png,72570001081608,36.0
page_009.png,18,21.0
page_009.png,০£,19.0
page_009.png,086,90.0
page_009.png,০0081,55.0
page_009.png,পা,52.0
page_009.png,০1,53.0
page_009.png,010%05,36.0
page_009.png,বলেছিলাম,96.0
page_009.png,জনতা,84.0
page_009.png,সে,96.0
page_009.png,পর্যায়ে,95.0
page_009.png,সক্রিয়,90.0
page_009.png,হয়ে,95.0
page_009.png,দেখা,93.0
page_009.png,দেয়,84.0
page_009.png,জনতার,93.0
page_009.png,মননস্তাত্তিক,37.0
page_009.png,বৈশিষ্ট্যসমূহের,87.0
page_009.png,মধ্যে,93.0
page_009.png,অনেকওুলিই,68.0
page_009.png,একক,93.0
page_009.png,বাক্তির,18.0
page_009.png,চারি,92.0
page_009.png,ব্রিক,34.0
page_009.png,বৈশিষ্টেঃর,39.0
page_009.png,সাথে,95.0
page_009.png,মিল,93.0
page_009.png,থায়,59.0
page_009.png,তবে,95.0
page_009.png,জনতার,95.0
page_009.png,এমনও,93.0
page_009.png,"কতকপ""প্লি",0.0
page_009.png,বৈশিষ্ট্য,95.0
page_009.png,থাকে,96.0
page_009.png,যা,95.0
page_009.png,কেবলমাত্র,95.0
page_009.png,কোন,96.0
page_009.png,যৌথ,92.0
page_009.png,সমাবেশেই,88.0
page_009.png,পরিস্ফ.ট,44.0
page_009.png,হয়ে,95.0
page_009.png,উঠতে,96.0
page_009.png,দেখা,93.0
page_009.png,যায়,90.0
page_009.png,জনতার,96.0
page_009.png,এই,96.0
page_009.png,বিশেষ,93.0
page_009.png,ণাবলীই,24.0
page_009.png,আমাদের,96.0
page_009.png,প্রাথমিক,96.0
page_009.png,আলোচ্য,93.0
page_009.png,বিধয়,45.0
page_009.png,সাইকোলদজিক্যাল,18.0
page_009.png,বা,93.0
page_009.png,মনস্তাত্রিক,79.0
page_009.png,জনতার,96.0
page_009.png,সবচাইতে,96.0
page_009.png,উল্লেখযোগ্য,95.0
page_009.png,চারিত্রিক,95.0
page_009.png,লক্ষণ,88.0
page_009.png,হচ্ছে-জমায়েতের,49.0
page_009.png,অস্তর্ভ.ক্ত,48.0
page_009.png,ব্যক্তিবর্গ,78.0
page_009.png,যারা,57.0
page_009.png,জীবনযাত্রায়,66.0
page_009.png,পেশায়,96.0
page_009.png,চরিত্রে,93.0
page_009.png,বুদ্ধিমত্তায়,74.0
page_009.png,যতই,95.0
page_009.png,আলাদা,95.0
page_009.png,বা,96.0
page_009.png,পৃথক,95.0
page_009.png,হোক,96.0
page_009.png,না,96.0
page_009.png,কেন,96.0
page_009.png,উক্ত,96.0
page_009.png,জমায়েত,95.0
page_009.png,যখন,93.0
page_009.png,জনতায়,90.0
page_009.png,রূপান্তরিত,0.0
page_009.png,হয়,96.0
page_009.png,তখন,95.0
page_009.png,তাদের,95.0
page_009.png,এমন,41.0
page_009.png,একটি,94.0
page_009.png,যৌথ,95.0
page_009.png,কিন্তু,87.0
page_009.png,একক,96.0
page_009.png,মানসিকতা,93.0
page_009.png,০০011600146,62.0
page_009.png,7017৫,54.0
page_009.png,স্বষ্ট,1.0
page_009.png,হয়,96.0
page_009.png,যা,94.0
page_009.png,এ,92.0
page_009.png,সমস্ত,94.0
page_009.png,ব্যক্তি,92.0
page_009.png,একক,95.0
page_009.png,এবং,96.0
page_009.png,বিচ্ছিন্ন,95.0
page_009.png,থাকলে,33.0
page_009.png,যে,33.0
page_009.png,চিন্তা-ভাবনা,89.0
page_009.png,অনুভূতি,94.0
page_009.png,এবং,95.0
page_009.png,কার্যকলাপ,91.0
page_009.png,"করত,-তার",89.0
page_009.png,থেকে,96.0
page_009.png,সম্পূর্ণ,77.0
page_009.png,আলাদা,93.0
page_009.png,আমরা,81.0
page_009.png,জানি,95.0
page_009.png,মনস্তাত্ত্বিক,0.0
page_009.png,জনতা,92.0
page_009.png,অসমসন্ত,43.0
page_009.png,মানবিক,95.0
page_009.png,উপাদানে,96.0
page_009.png,গঠিত,14.0
page_009.png,যা,95.0
page_009.png,কি-না,94.0
page_009.png,ক্ষণিকের,94.0
page_009.png,জন্য,29.0
page_009.png,সংশ্লিষ্ট,83.0
page_009.png,হয়,92.0
page_009.png,যার,91.0
page_009.png,তুলনা,18.0
page_009.png,মানবদেহের,92.0
page_009.png,সেল্স,86.0
page_009.png,এর,93.0
page_009.png,পুনমিলনের,69.0
page_009.png,রূপরেখার,49.0
page_009.png,সাথে,95.0
page_009.png,তুলনা,94.0
page_009.png,করা,95.0
page_009.png,চলে,42.0
page_009.png,এটা,95.0
page_009.png,সর্বজনবিদিত,94.0
page_009.png,যে,93.0
page_009.png,মানবদেহের,34.0
page_009.png,সংমিশ্রিত,80.0
page_009.png,সেল্‌-এর,26.0
page_009.png,ক্রি,13.0
page_009.png,এর,94.0
page_009.png,ক্রিয়াকলাপ,95.0
page_009.png,প্রতিট,59.0
page_009.png,একক,93.0
page_009.png,সেল্-এর,46.0
page_009.png,পৃথক,96.0
page_009.png,অবস্থায়,96.0
page_009.png,কৃত,96.0
page_009.png,নিজস্ব,91.0
page_009.png,কার্যকলাপ,84.0
page_009.png,থেকে,92.0
page_009.png,আল।দা,36.0
page_009.png,আশ্চর্যের,0.0
page_009.png,বিষয়,94.0
page_009.png,হচ্ছে,96.0
page_009.png,যে,92.0
page_009.png,হাবাটট,50.0
page_009.png,স্পেনসারের,91.0
page_009.png,মতো,96.0
page_009.png,বিখ্যাত,78.0
page_009.png,দার্শনিকও,92.0
page_009.png,বুঝতে,88.0
page_009.png,ভুল,96.0
page_009.png,করেছেন,95.0
page_009.png,যে,96.0
page_009.png,অজস্র,25.0
page_009.png,একক,96.0
page_009.png,ব্যক্তির,93.0
page_009.png,সংযোদ্নে,36.0
page_009.png,যে,84.0
page_009.png,একটা,95.0
page_009.png,স্বতন্ত্র,56.0
page_009.png,ওণসম্পন্ন,36.0
page_009.png,একক,84.0
page_009.png,সমষ্ট,73.0
page_009.png,হাচ্ছ,85.0
page_009.png,তাকেই,96.0
page_009.png,আমরা,95.0
page_009.png,জনতা,96.0
page_009.png,বলে,95.0
page_009.png,অভিহিত,93.0
page_009.png,কর্নছি,61.0
page_009.png,৬%/.080738081.0017,0.0
page_010.png,জনতা,80.0
page_010.png,ঠে,47.0
page_010.png,আমাদের,95.0
page_010.png,বক্তব্য,53.0
page_010.png,স্পঠতর,79.0
page_010.png,হরে,92.0
page_010.png,উঠবে,0.0
page_010.png,যদি,93.0
page_010.png,কি-না,94.0
page_010.png,আমরা,95.0
page_010.png,রসায়ন,95.0
page_010.png,শাস্ত্রের,77.0
page_010.png,উপাদানগুলির,90.0
page_010.png,উত্তর,91.0
page_010.png,স,90.0
page_010.png,সিশ্রণ,17.0
page_010.png,নব,89.0
page_010.png,সমষ্টর,87.0
page_010.png,ওুণাবলী,10.0
page_010.png,প্রতিট,85.0
page_010.png,উপাদানের,95.0
page_010.png,ওণাবলী,88.0
page_010.png,থেকে,95.0
page_010.png,সম্পূর্ণ,92.0
page_010.png,আলাদ,91.0
page_010.png,দেখতে,95.0
page_010.png,পাই,53.0
page_010.png,এট,92.0
page_010.png,প্রমাণ,95.0
page_010.png,করা,94.0
page_010.png,কঠিন,95.0
page_010.png,নয়,79.0
page_010.png,যে,82.0
page_010.png,প্রতিটি,50.0
page_010.png,ব্যক্তি,93.0
page_010.png,অনতার,90.0
page_010.png,অবিচ্ছেত্ঠ,76.0
page_010.png,অংশ,86.0
page_010.png,হিসাবে,75.0
page_010.png,তার,95.0
page_010.png,নির্জন,31.0
page_010.png,একক,95.0
page_010.png,সত্তা,50.0
page_010.png,থেকে,96.0
page_010.png,আলাদা,91.0
page_010.png,কিন্তু,96.0
page_010.png,এই,96.0
page_010.png,পার্থক্যের,67.0
page_010.png,কারণ,96.0
page_010.png,নির্ঘঘ়,56.0
page_010.png,করা,83.0
page_010.png,ততটা,93.0
page_010.png,সংজ,90.0
page_010.png,নয়,84.0
page_010.png,এ,96.0
page_010.png,সম্বন্ধে,75.0
page_010.png,জ্ঞানার্জনের,95.0
page_010.png,উদ্দেশ্যে,95.0
page_010.png,প্রথমতঃ,95.0
page_010.png,আমাদের,93.0
page_010.png,একথাটা,20.0
page_010.png,প্রতিনিয়ত,95.0
page_010.png,স্মরণ,95.0
page_010.png,রাখা,64.0
page_010.png,উচিত,95.0
page_010.png,যে,95.0
page_010.png,আধুনিক,83.0
page_010.png,মনোবিজ্ঞান,95.0
page_010.png,সন্দেহাতীতভাবে,94.0
page_010.png,প্রমাণ,93.0
page_010.png,কৰ্বেছে,30.0
page_010.png,যে,95.0
page_010.png,অবচেতন,95.0
page_010.png,মন,95.0
page_010.png,আমাদের,93.0
page_010.png,দেই-মনের,32.0
page_010.png,উপর,88.0
page_010.png,বিত্রাট,7.0
page_010.png,প্রভাব,93.0
page_010.png,বিভান্ন,55.0
page_010.png,করনে,64.0
page_010.png,থাকে,87.0
page_010.png,মনের,96.0
page_010.png,অবচেতন,95.0
page_010.png,অংশ,95.0
page_010.png,মনের,95.0
page_010.png,সচেতন,95.0
page_010.png,অংশের,96.0
page_010.png,তুলনায়,95.0
page_010.png,অধিক,92.0
page_010.png,প্রভাবশালী,81.0
page_010.png,এমন,95.0
page_010.png,কি,93.0
page_010.png,স্থম্ম,32.0
page_010.png,পর্যবেক্ষক,28.0
page_010.png,এবং,91.0
page_010.png,তীক্ষধী,86.0
page_010.png,বিশ্লেষকও,89.0
page_010.png,বুঝে,95.0
page_010.png,উঠতে,95.0
page_010.png,পারে,93.0
page_010.png,না,95.0
page_010.png,যে,95.0
page_010.png,তার,93.0
page_010.png,ক্তিয়াকলাপকে,43.0
page_010.png,তার,96.0
page_010.png,অবচেতন,95.0
page_010.png,মন,96.0
page_010.png,কি,96.0
page_010.png,প্রবলভাবে,96.0
page_010.png,প্রভাবিত,95.0
page_010.png,করছে,14.0
page_010.png,আমাদের,93.0
page_010.png,সজ্ঞানে,39.0
page_010.png,কৃত,93.0
page_010.png,কার্যাবলীর,79.0
page_010.png,অধিকাংশই,96.0
page_010.png,আমাদের,95.0
page_010.png,মনের,96.0
page_010.png,অবচেতন,96.0
page_010.png,অংশেরই,91.0
page_010.png,ফলঞ্চষতি,10.0
page_010.png,যে,94.0
page_010.png,অবচেতন,95.0
page_010.png,মন,96.0
page_010.png,কি-না,95.0
page_010.png,আবার,93.0
page_010.png,বংশানুত্রমিক,50.0
page_010.png,ধারা,94.0
page_010.png,কতৃকি,64.0
page_010.png,প্রভাবান্বিত,15.0
page_010.png,আমাদের,93.0
page_010.png,কৃতকারাদির,29.0
page_010.png,পেছনে,96.0
page_010.png,যেসব,94.0
page_010.png,প্রকাশ্য,94.0
page_010.png,কারণ,95.0
page_010.png,থাকে,95.0
page_010.png,তার,95.0
page_010.png,পেছনে,95.0
page_010.png,আরো,61.0
page_010.png,অনেক,96.0
page_010.png,গোপন,77.0
page_010.png,কারণ,77.0
page_010.png,নিহিত,91.0
page_010.png,থাকে,89.0
page_010.png,এমন,96.0
page_010.png,কি,95.0
page_010.png,সেসব,96.0
page_010.png,গোপন,94.0
page_010.png,কারণগুলির,75.0
page_010.png,পেছনেও,96.0
page_010.png,আরে,79.0
page_010.png,অনেক,0.0
page_010.png,ওুপ্ত_কারণ,0.0
page_010.png,থাকে,96.0
page_010.png,যে,96.0
page_010.png,সম্পর্কে,95.0
page_010.png,আমরা,53.0
page_010.png,মোটেই,96.0
page_010.png,সচেতন,94.0
page_010.png,নই,54.0
page_010.png,আমাদের,96.0
page_010.png,দৈনন্দিন,90.0
page_010.png,কার্যাদির,88.0
page_010.png,মধ্যে,93.0
page_010.png,সি'হভাগ,80.0
page_010.png,কাজই,96.0
page_010.png,যে,96.0
page_010.png,উক্ত,94.0
page_010.png,গোপন,92.0
page_010.png,কারণারদি,5.0
page_010.png,হেতু,89.0
page_010.png,নিষ্পন্ন,88.0
page_010.png,হয়ে,96.0
page_010.png,থাকে,93.0
page_010.png,একথ,87.0
page_010.png,আমরা,93.0
page_010.png,আদো,85.0
page_010.png,লক্ষ্য,83.0
page_010.png,করি,92.0
page_010.png,না,89.0
page_010.png,এ,92.0
page_010.png,স্মুপ্ত,68.0
page_010.png,প্রেষণ,9.0
page_010.png,একটা,91.0
page_010.png,জাতির,92.0
page_010.png,অবচেতন,93.0
page_010.png,উপাদানসমূহ-যা,45.0
page_010.png,জাতীয়,92.0
page_010.png,প্রতিভ,91.0
page_010.png,8০115,52.0
page_010.png,বলে,95.0
page_010.png,পরিগণিত,11.0
page_010.png,এর,87.0
page_010.png,বেলায়,96.0
page_010.png,যতটা,96.0
page_010.png,প্রযোজ্য,0.0
page_010.png,তার,96.0
page_010.png,চাইতেও,96.0
page_010.png,বেশী,96.0
page_010.png,প্রযোজ্য,95.0
page_010.png,যেসব,95.0
page_010.png,সচেতন,74.0
page_010.png,মানসিক,95.0
page_010.png,উপাদান,95.0
page_010.png,শিক্ষা,80.0
page_010.png,এবং,92.0
page_010.png,বংশধারায়,59.0
page_010.png,বৈচিত্রের,15.0
page_010.png,কারণে,92.0
page_010.png,পরস্পন্ন,84.0
page_010.png,পরস্পর,82.0
page_010.png,থেকে,90.0
page_010.png,পৃথক,88.0
page_010.png,তার,90.0
page_010.png,উপর,85.0
page_010.png,জ্ঞান,96.0
page_010.png,বৃদ্ধির,94.0
page_010.png,দিক,95.0
page_010.png,থেকে,96.0
page_010.png,পৃথক,95.0
page_010.png,হ'লেও,91.0
page_010.png,প্রতি,92.0
page_010.png,মানুষ,93.0
page_010.png,প্রব্বত্তি,42.0
page_010.png,অনুভূতি,96.0
page_010.png,এবং,95.0
page_010.png,আবেগের,92.0
page_010.png,দিক,94.0
page_010.png,থেকে,96.0
page_010.png,অনেক,93.0
page_010.png,নিকটতর,56.0
page_010.png,ধর্ম,90.0
page_010.png,ব্লাজনীতি,87.0
page_010.png,নৈতিকতা,95.0
page_010.png,ভালবাসা,39.0
page_010.png,এব,87.0
page_010.png,বিদ্বেষ,93.0
page_010.png,ইত্যাদি,95.0
page_010.png,ব্যাপারে,90.0
page_010.png,দেশের,95.0
page_010.png,প্রখ্যাত,69.0
page_010.png,ব্যক্তিবর্গ,93.0
page_010.png,খুব,96.0
page_010.png,কমই,96.0
page_010.png,৬%/.080738081.0017,0.0
